title,date,desc,content,keywords
"Rabbi Chaim Kanievsky, Venerated Talmudic Scholar, Dies at 94",2022-03-18T20:26:55Z,"He initially insisted, “Canceling Torah study is more dangerous than the coronavirus.” But he had a change of heart, even before testing positive.",Most significant was his ruling that instances of sexual abuse of children should be reported to the civic authorities and not handled exclusively within the Haredi community. This was a sharp depart… [+1849 chars],"['#ruling', '#instances', '#abuse', '#children', '#reported']"
Can Eric Adams Cheerlead New Yorkers Past the Pandemic?,2022-03-20T16:11:17Z,"The mayor is singularly focused on bringing back New York City’s economy, now that coronavirus cases have dropped.","Mr. Adams, a Democrat, has had regular conversations with some of the citys most influential business leaders, including David Solomon, chief executive at the banking firm Goldman Sachs, and Jonathan… [+1705 chars]","['#Mr.', '#Adams', '#Democrat', '#conversations', '#citys']"
"Preschoolers Can Shed Their Masks, Mayor Adams Says",2022-03-22T18:11:14Z,New York City plans to end the mask requirement for the city’s youngest children on April 4 if coronavirus cases remain low.,"Earlier this month, when Mr. Adams eliminated a mask mandate for older students in kindergarten through 12th grades, he said he wanted to wait to make a decision for children under 5. The mayor said … [+1774 chars]","['#said', '#month', '#Mr.', '#Adams', '#eliminated']"
Moderna Asks F.D.A. to Authorize a Second Booster for All Adults,2022-03-18T09:08:37Z,The request is significantly broader than the one filed by Pfizer and BioNTech for their coronavirus vaccine this week. Here’s the latest on Covid.,"A man receiving a second booster of a coronavirus vaccine in Tel Aviv. Moderna cited data in part from Israel in its request.Credit...Amir Cohen/Reuters
Moderna said late Thursday that it asked the … [+3031 chars]","['#Moderna', '#man', '#receiving', '#booster', '#coronavirus']"
China Reports Its First Covid Deaths in Over a Year,2022-03-19T13:37:04Z,The two fatalities are the first coronavirus deaths to be officially recorded in the country since January 2021. Get the latest pandemic news.,"Scarcely two months after the Omicron variant drove coronavirus case numbers to frightening heights in the United States, scientists and health officials are bracing for another swell in the pandemic… [+10570 chars]","['#months', '#Omicron', '#variant', '#drove', '#coronavirus']"
"Can Ashish Jha, ‘A Comforting Voice,’ Tamp Down Covid’s Political Divide?",2022-03-20T09:00:09Z,"Dr. Jha, the new White House coronavirus response coordinator, has built a reputation as a gifted communicator, but there is much more to the job.","Dr. Jha was born in Bihar, a state in eastern India that is among the poorest in that country. When he was nine, his parents moved their family to Toronto. He showed up, he told The Providence Journa… [+1974 chars]","['#Dr.', '#Jha', '#born', '#Bihar', '#state']"
"2 Years After Declaring Pandemic, W.H.O. Urges Continued Vigilance",2022-03-11T09:29:44Z,"Exactly two years after saying that the coronavirus outbreak had become a pandemic, the agency says it isn’t over yet. One American public health expert added, “This virus has fooled us every time.”","The World Health Organization, often criticized for being too slow to declare in 2020 that a pandemic was underway, now says two years to the day after making that declaration that many countries are… [+4147 chars]","['#World', '#Health', '#Organization', '#criticized', '#declare']"
"Ukraine, Coronavirus, Pompeii: Your Friday Evening Briefing",2022-03-11T23:33:10Z,Here’s what you need to know at the end of the day.,"10. And finally, if he could turn back time 
Daylight saving time begins Sunday in the U.S., as clocks spring forward an hour and we gain an extra hour of daylight. In Britain, France and Germany, t… [+1185 chars]","['#time', '#hour', '#turn', '#Daylight', '#saving']"
Rise of Omicron Subvariant in Europe Could Be Sign for U.S.,2022-03-17T09:29:24Z,"Past coronavirus surges in Europe have predicted what was to come in the United States, but experts say the trend is more a cause for caution than alarm. New York’s experience offers lessons to health experts.","A street festival in Cologne, Germany. Coronavirus cases are rising in Europe after many countries lifted most pandemic restrictions.Credit...Thilo Schmuelgen/Reuters
Experts warn that another coron… [+3741 chars]","['#street', '#festival', '#Cologne', '#Germany', '#Coronavirus']"
"Knocked Down by Covid in Beijing, Vincent Zhou Is Getting Back Up",2022-03-19T04:29:38Z,Zhou missed the men’s individual event at the Olympics because of the coronavirus. He is trying to shake off the memory in hopes of excelling at the figure skating world championships.,"Its a fair question. He double masked. He wore a face shield on flights. In China, he ate alone in the Olympic cafeteria, carefully pulling down his mask between bites. He often kept such a distance … [+1316 chars]","['#question', '#double', '#masked', '#wore', '#face']"
"Doug Emhoff, Vice President’s Husband, Tests Positive for the Coronavirus",2022-03-16T00:07:09Z,"Vice President Kamala Harris tested negative for the virus on Tuesday, an aide said, but Mr. Emhoff’s positive test forced her to back out of an event with President Biden.","Ms. Harris stood alongside Mr. Biden earlier Tuesday during a bill signing. She also was at the Presidents Daily Brief in the Oval Office, according to her schedule. Mr. Biden last received a negativ… [+1314 chars]","['#Mr.', '#Biden', '#Ms.', '#Harris', '#stood']"
Is the Coronavirus Pandemic Over? New Yorkers Are Cautiously Optimistic.,2022-03-04T16:16:44Z,"(*Or at least that’s the hope.) After several false starts, New York’s latest comeback finally feels like the real thing.","The arc of the pandemic, from the dark beginnings to this new awakening, is efficiently told through the story of the chef Sean Rembold, who has worked in some of Brooklyns best loved kitchens. For h… [+2357 chars]","['#arc', '#pandemic', '#beginnings', '#awakening', '#told']"
Poll Finds Americans Are Less Worried About Catching and Spreading the Virus,2022-03-01T10:09:00Z,"Fears about the coronavirus are waning, and support for mask mandates is fading. President Biden is expected to announce steps to protect nursing home residents.","Nursing home residents waited to receive a Covid-19 vaccine in New York last year.Credit...Yuki Iwamura/Associated Press
President Biden will use his State of the Union address Tuesday night in part… [+3214 chars]","['#Nursing', '#home', '#residents', '#waited', '#receive']"
White House to Introduce New Coronavirus Response Strategy,2022-03-02T10:12:06Z,The plan is intended to get the nation to a place where the virus does not disrupt everyday life. The C.D.C. no longer recommends universal case investigation and contact tracing.,"WASHINGTON President Biden, looking to usher the nation out of the coronavirus crisis into what some are calling a new normal, used his State of the Union address Tuesday night to sketch out the next… [+5694 chars]","['#WASHINGTON', '#President', '#Biden', '#looking', '#usher']"
What you need to know about the coronavirus right now - Reuters,2022-03-15T13:11:00Z,What you need to know about the coronavirus right now  Reuters,"March 15 (Reuters) - Here's what you need to know about the coronavirus right now:
China's soaring COVID infections fuel concern about cost of containment
China posted a steep jump in daily COVID-1… [+3357 chars]","['#China', '#March', '#Reuters', '#need', '#know']"
What you need to know about the coronavirus right now - Reuters.com,2022-03-10T13:05:00Z,What you need to know about the coronavirus right now  Reuters.com,"March 10 (Reuters) - Here's what you need to know about the coronavirus right now:
China's local symptomatic COVID cases nearly double
Mainland China reported 402 locally transmitted COVID-19 infec… [+3523 chars]","['#China', '#March', '#Reuters', '#need', '#know']"
What you need to know about the coronavirus right now - Reuters.com,2022-03-17T13:08:00Z,What you need to know about the coronavirus right now  Reuters.com,"March 17 (Reuters) - Here's what you need to know about the coronavirus right now:
Britain approves AstraZeneca's preventative COVID therapy
Britain's medicines regulator has approved AstraZeneca's… [+3070 chars]","['#Britain', '#AstraZeneca', '#March', '#Reuters', '#need']"
5m people in England to be offered Covid booster jabs,2022-03-20T00:01:40Z,"Vaccine available to care home residents, people aged 75 and over, and immunosuppressed aged 12 and over<ul><li>Coronavirus – latest updates</li><li>See all our coronavirus coverage</li></ul>Coronavirus booster vaccine jabs for millions of people in England w…","Coronavirus booster vaccine jabs for millions of people in England will begin to be offered this week, the NHS announced.
The vaccine will be available to care home residents, people who are 75 and … [+2360 chars]","['#vaccine', '#people', '#Coronavirus', '#booster', '#jabs']"
What you need to know about the coronavirus right now - Reuters.com,2022-03-09T12:57:00Z,What you need to know about the coronavirus right now  Reuters.com,"March 9 (Reuters) - Here's what you need to know about the coronavirus right now:
Hong Kong to focus COVID resources on elderly
Hong Kong announced plans to devote more medical resources to elderly… [+3883 chars]","['#Hong', '#Kong', '#resources', '#March', '#Reuters']"
What you need to know about the coronavirus right now - Reuters.com,2022-03-08T12:50:00Z,What you need to know about the coronavirus right now  Reuters.com,"March 8 (Reuters) - Here's what you need to know about the coronavirus right now:
China says Hong Kong must stick to ""dynamic zero"" COVID strategy
A top Chinese health official rallied embattled Ho… [+3487 chars]","['#March', '#Reuters', '#need', '#know', '#coronavirus']"
What you need to know about the coronavirus right now - Reuters,2022-03-22T13:16:00Z,What you need to know about the coronavirus right now  Reuters,"March 22 (Reuters) - Here's what you need to know about the coronavirus right now:
Shanghai COVID cases hit daily record
China's financial hub Shanghai on Tuesday reported a fifth consecutive daily… [+3152 chars]","['#Shanghai', '#March', '#Reuters', '#need', '#know']"
What you need to know about the coronavirus right now - Reuters.com,2022-03-08T12:50:00Z,What you need to know about the coronavirus right now  Reuters.com,"March 8 (Reuters) - Here's what you need to know about the coronavirus right now:
China says Hong Kong must stick to ""dynamic zero"" COVID strategy
A top Chinese health official rallied embattled Ho… [+3487 chars]","['#March', '#Reuters', '#need', '#know', '#coronavirus']"
What you need to know about the coronavirus right now - Reuters.com,2022-03-09T12:57:00Z,What you need to know about the coronavirus right now  Reuters.com,"March 9 (Reuters) - Here's what you need to know about the coronavirus right now:
Hong Kong to focus COVID resources on elderly
Hong Kong announced plans to devote more medical resources to elderly… [+3883 chars]","['#Hong', '#Kong', '#resources', '#March', '#Reuters']"
Hawaii Is the Last State to Drop Its Mask Mandate,2022-03-09T10:30:03Z,"The state’s governor said the requirement would no longer be in effect starting on March 26. Masks are still required indoors at public schools in Hawaii, the last state with such a mandate.","Students read during class at Garrison Elementary School in Washington, D.C., in January.Credit...Erin Schaff/The New York Times
More and more American school districts have dropped mask mandates in… [+3988 chars]","['#Students', '#read', '#class', '#Garrison', '#Elementary']"
"Two years of Covid grief: tributes to family, friends and colleagues who died in the UK",2022-03-23T07:15:23Z,Twenty-four tributes for people who have died from coronavirus on the second anniversary of the first lockdownWednesday 23 March marks two years since the first lockdown. The Guardian has collated 24 tributes for people who have died from coronavirus – one fo…,"Wednesday 23 March marks two years since the first lockdown. The Guardian has collated 24 tributes for people who have died from coronavirus one for every month since the first lockdown began.
March… [+18588 chars]","['#March', '#lockdown', '#Wednesday', '#marks', '#years']"
Austria suspends mandatory Covid vaccination law,2022-03-09T09:46:28Z,"EU’s first such rule dropped just a month after it took effect, as minister says it can no longer be justified<ul><li>Coronavirus – latest updates</li><li>See all our coronavirus coverage</li></ul>Austria is suspending a law making Covid-19 vaccinations manda…","Austria is suspending a law making Covid-19 vaccinations mandatory for all adults, the government said on Wednesday, just a month after the legislation took effect in an EU first.
The country of 9 m… [+1133 chars]","['#Austria', '#suspending', '#law', '#making', '#Covid-19']"
Covid restrictions easing across Europe despite surge in cases,2022-03-20T12:01:49Z,"Germany to lift most controls despite daily record as cases also climb in Austria, Spain and France<ul><li>Coronavirus – latest updates</li><li>See all our coronavirus coverage</li></ul>Pandemic restrictions are being lifted with alacrity across Europe despit…",Pandemic restrictions are being lifted with alacrity across Europe despite many countries experiencing a record surge in coronavirus cases and concerns about the failure to vaccinate many people cons… [+5259 chars],"['#Pandemic', '#restrictions', '#lifted', '#alacrity', '#Europe']"
Germany reports record COVID-19 incidence before easing curbs - Reuters.com,2022-03-15T07:21:00Z,"Germany reported a record high seven-day incidence of the coronavirus on Tuesday, just days before the planned easing of restrictions.","BERLIN, March 15 (Reuters) - Germany reported a record high seven-day incidence of the coronavirus on Tuesday, just days before the planned easing of restrictions.
The Robert Koch Institute (RKI) re… [+916 chars]","['#BERLIN', '#March', '#Reuters', '#Germany', '#reported']"
China reports 3602 new confirmed coronavirus cases on March 14 vs 1437 a day earlier - Reuters.com,2022-03-15T01:04:00Z,"Mainland China reported 3,602 new confirmed coronavirus cases on March 14, the national health authority said on Tuesday, compared with 1,437 a day earlier.","BEIJING, March 15 (Reuters) - Mainland China reported 3,602 new confirmed coronavirus cases on March 14, the national health authority said on Tuesday, compared with 1,437 a day earlier.
Of the new … [+549 chars]","['#March', '#BEIJING', '#Reuters', '#Mainland', '#China']"
Indonesia scraps quarantine for overseas arrivals - Reuters,2022-03-21T10:54:00Z,"Indonesia has removed its quarantine requirement for all arrivals from overseas, its tourism minister said on Monday, responding to improvements in its containment of the coronavirus","JAKARTA, March 21 (Reuters) - Indonesia has removed its quarantine requirement for all arrivals from overseas, its tourism minister said on Monday, responding to improvements in its containment of th… [+1643 chars]","['#JAKARTA', '#March', '#Reuters', '#Indonesia', '#removed']"
Jobs open up for homeless people in UK labour market squeeze - Reuters.com,2022-03-10T07:09:00Z,"When Zara Asamoah graduated early in the coronavirus pandemic, she had no fixed abode and her chances of finding work looked remote.","WATFORD, England, March 10 (Reuters) - When Zara Asamoah graduated early in the coronavirus pandemic, she had no fixed abode and her chances of finding work looked remote.
Now, thanks to an acute la… [+5294 chars]","['#WATFORD', '#England', '#March', '#Reuters', '#Zara']"
China reports 2667 new COVID cases for March 22 vs 2338 a day earlier - Reuters.com,2022-03-23T01:16:00Z,"China reported 2,667 confirmed coronavirus cases for March 22, the country's national health authority said on Wednesday, compared with 2,338 a day earlier.","BEIJING, March 23 (Reuters) - China reported 2,667 confirmed coronavirus cases for March 22, the country's national health authority said on Wednesday, compared with 2,338 a day earlier.
Of the new … [+547 chars]","['#March', '#BEIJING', '#Reuters', '#China', '#reported']"
Germany reports another record COVID-19 incidence - Reuters,2022-03-16T07:40:00Z,Germany reported another record high seven-day incidence of the coronavirus on Wednesday even as the country prepares to ease restrictions.,"BERLIN, March 16 (Reuters) - Germany reported another record high seven-day incidence of the coronavirus on Wednesday even as the country prepares to ease restrictions.
The Robert Koch Institute (RK… [+1237 chars]","['#BERLIN', '#March', '#Reuters', '#Germany', '#reported']"
Samoa locks down after recording its first community COVID-19 case,2022-03-18T09:12:08Z,A 29-year-old woman tested positive for the coronavirus on Thursday during routine testing before boarding an international flight.,"The Tupua Tamasese Meaule Hospital is pictured in Apia, Samoa, on July 10, 2015. Samoa will go into lockdown beginning Saturday as it faces its first outbreak of the coronavirus after a woman who was… [+3192 chars]","['#Samoa', '#Tupua', '#Tamasese', '#Meaule', '#Hospital']"
Covid spike leads to Cornwall’s main hospital halting visitors,2022-03-10T18:15:12Z,Most of the 85 Covid-positive patients at the Royal Cornwall hospital were admitted for another reason<ul><li>See all our coronavirus coverage</li></ul>The main NHS hospital in Cornwall has been forced to suspend almost all visiting after a “significant” spik…,"The main NHS hospital in Cornwall has been forced to suspend almost all visiting after a significant spike in the number of patients with Covid.
Eighty-five patients at the Royal Cornwall hospital i… [+2372 chars]","['#hospital', '#Cornwall', '#patients', '#NHS', '#forced']"
Pfizer reportedly will seek FDA approval for a second vaccine booster for people 65 and older,2022-03-15T17:28:32Z,"Pfizer CEO Albert Bourla previously said that a fourth coronavirus vaccine is ""necessary"" to protect against COVID-19.","Pfizer and BioNTech are expected to seek emergency authorization for a second booster shot of the coronavirus vaccine for those 65 and older, three sources close to the situation told the Washington … [+1022 chars]","['#Pfizer', '#BioNTech', '#expected', '#seek', '#emergency']"
What you need to know about the coronavirus right now - Reuters,2022-03-01T13:09:00Z,What you need to know about the coronavirus right now  Reuters,"March 1 (Reuters) - Here's what you need to know about the coronavirus right now:
Hong Kong residents empty supermarkets
Hong Kong residents braced for a city-wide lockdown, emptying supermarkets a… [+3344 chars]","['#Hong', '#Kong', '#residents', '#supermarkets', '#March']"
What you need to know about the coronavirus right now - Reuters,2022-03-02T14:15:00Z,What you need to know about the coronavirus right now  Reuters,"March 2 (Reuters) - Here's what you need to know about the coronavirus right now:
Hong Kong urges calm as residents fret over COVID measures
Any decision to impose a COVID-19 lockdown in Hong Kong … [+3281 chars]","['#Hong', '#Kong', '#March', '#Reuters', '#need']"
Italy to announce plan to scrap COVID restrictions - Reuters.com,2022-03-17T13:38:00Z,The Italian government was set to announce a two-step plan on Thursday scrapping most of its coronavirus restrictions as the country nears the end of its state of emergency.,"ROME, March 17 (Reuters) - The Italian government was set to announce a two-step plan on Thursday scrapping most of its coronavirus restrictions as the country nears the end of its state of emergency… [+1246 chars]","['#ROME', '#March', '#Reuters', '#government', '#set']"
"Canadian carriers see spring flying boost, but costs cloud horizon - Reuters.com",2022-03-09T20:12:00Z,"Canadian carriers are seeing a bounce in spring travel after a slump due to the spread of the Omicron coronavirus variant, with the country's largest airport bracing for its busiest travel day since the onset of the pandemic this Friday.","MONTREAL, March 9 (Reuters) - Canadian carriers are seeing a bounce in spring travel after a slump due to the spread of the Omicron coronavirus variant, with the country's largest airport bracing for… [+2933 chars]","['#MONTREAL', '#March', '#Reuters', '#carriers', '#seeing']"
Britain outlines terms of COVID-19 inquiry - Reuters UK,2022-03-10T15:18:00Z,"Britain on Thursday outlined the terms of reference of its planned inquiry into the COVID-19 pandemic, looking into the preparedness of the country as well as the public health and economic response to the coronavirus.","LONDON, March 10 (Reuters) - Britain on Thursday outlined the terms of reference of its planned inquiry into the COVID-19 pandemic, looking into the preparedness of the country as well as the public … [+1293 chars]","['#LONDON', '#March', '#Reuters', '#Britain', '#Thursday']"
"Analysis: An oil shock is coming, but the U.S. may have already paid for it - Reuters.com",2022-03-10T11:12:00Z,"The gusher of money the U.S. government poured into family bank accounts during the coronavirus pandemic, credited with speeding the rebound from the health crisis, may now help limit the economic damage from Russia's invasion of Ukraine.","WASHINGTON, March 10 (Reuters) - The gusher of money the U.S. government poured into family bank accounts during the coronavirus pandemic, credited with speeding the rebound from the health crisis, m… [+6820 chars]","['#WASHINGTON', '#March', '#Reuters', '#gusher', '#money']"
Australians told to get boosters amid COVID threat from new Omicron strain - Reuters,2022-03-14T04:01:00Z,Australian authorities on Monday warned the slow rollout of COVID-19 vaccine booster shots could unleash a new wave of infections amid the threat from the highly contagious BA.2 sub-variant of the Omicron coronavirus strain.,"SYDNEY, March 14 (Reuters) - Australian authorities on Monday warned the slow rollout of COVID-19 vaccine booster shots could unleash a new wave of infections amid the threat from the highly contagio… [+2190 chars]","['#SYDNEY', '#March', '#Reuters', '#authorities', '#Monday']"
"China's yuan hits 1-month low as policy easing expectations, COVID resurgence hurt - Reuters.com",2022-03-14T04:22:00Z,"China's yuan weakened to a one-month low against the dollar on Monday, breaching a key threshold, pressured by rising expectations of monetary policy easing and worries over the fast spread of locally transmitted coronavirus cases.","SHANGHAI, March 14 (Reuters) - China's yuan weakened to a one-month low against the dollar on Monday, breaching a key threshold, pressured by rising expectations of monetary policy easing and worries… [+3138 chars]","['#SHANGHAI', '#March', '#Reuters', '#China', '#yuan']"
Gulf markets track oil prices lower; Ukraine crisis in focus - Reuters.com,2022-03-15T08:18:00Z,"Energy-heavy Gulf markets fell on Tuesday, tracking lower oil prices as Russia-Ukraine ceasefire talks eased fears of further supply oil disruptions and coronavirus cases in China fuelled concerns about slower crude demand.","March 15 (Reuters) - Energy-heavy Gulf markets fell on Tuesday, tracking lower oil prices as Russia-Ukraine ceasefire talks eased fears of further supply oil disruptions and coronavirus cases in Chin… [+1799 chars]","['#oil', '#March', '#Reuters', '#Energy', '#Gulf']"
Hong Kong reports 20082 new COVID cases as city promised fewer restrictions - Reuters.com,2022-03-18T09:16:00Z,"Hong Kong reported about 20,000 new coronavirus cases on Friday as health experts called for a clear way out of a ""zero COVID"" policy that has left the city isolated.","HONG KONG, March 18 (Reuters) - Hong Kong reported about 20,000 new coronavirus cases on Friday as health experts called for a clear way out of a ""zero COVID"" policy that has left the city isolated.… [+2182 chars]","['#HONG', '#KONG', '#March', '#Reuters', '#Hong']"
Italy to announce plan to scrap COVID restrictions - Reuters.com,2022-03-17T13:38:00Z,The Italian government was set to announce a two-step plan on Thursday scrapping most of its coronavirus restrictions as the country nears the end of its state of emergency.,"ROME, March 17 (Reuters) - The Italian government was set to announce a two-step plan on Thursday scrapping most of its coronavirus restrictions as the country nears the end of its state of emergency… [+1246 chars]","['#ROME', '#March', '#Reuters', '#government', '#set']"
Ecuador ends COVID limits on gatherings after hitting vaccination goal - Reuters Canada,2022-03-18T22:28:00Z,"Ecuador's president on Friday announced an end to coronavirus limits on public and private gatherings, but the South American country will continue to require foreign visitors to show proof of vaccinations or a negative COVID-19 test.","QUITO, March 18 (Reuters) - Ecuador's president on Friday announced an end to coronavirus limits on public and private gatherings, but the South American country will continue to require foreign visi… [+1841 chars]","['#QUITO', '#March', '#Reuters', '#Ecuador', '#president']"
Hong Kong hopes to 'resolve' coronavirus flight-ban rule as frustration grows - Reuters.com,2022-03-23T05:34:00Z,"Hong Kong is looking to amend its coronavirus travel restrictions that have largely sealed off the international business and tourism hub for two years to the growing anger of residents and businesses, the city leader said on Wednesday.","HONG KONG, March 23 (Reuters) - Hong Kong is looking to amend its coronavirus travel restrictions that have largely sealed off the international business and tourism hub for two years to the growing … [+2187 chars]","['#HONG', '#KONG', '#March', '#Reuters', '#Hong']"
"Not again: two years after fleeing COVID in China, Ukrainian runs from war - Reuters.com",2022-03-19T20:40:00Z,"Two years ago Julia Volok was shocked to experience an angry reception from fellow Ukrainians as she fled home from Wuhan in China, the epicentre of the soon-to-be global coronavirus pandemic.","LVIV, Ukraine, March 19 (Reuters) - Two years ago Julia Volok was shocked to experience an angry reception from fellow Ukrainians as she fled home from Wuhan in China, the epicentre of the soon-to-be… [+1941 chars]","['#LVIV', '#Ukraine', '#March', '#Reuters', '#years']"
"China stocks fall on Ukraine crisis, inflation worries - Reuters.com",2022-03-08T04:54:00Z,"China stocks extended losses on Tuesday after hitting a 20-month low in the previous session, as little progress in Ukraine peace talks, worries on inflation, and domestic coronavirus outbreaks weighed on markets.","SHANGHAI, March 8 (Reuters) - China stocks extended losses on Tuesday after hitting a 20-month low in the previous session, as little progress in Ukraine peace talks, worries on inflation, and domest… [+2424 chars]","['#SHANGHAI', '#March', '#Reuters', '#China', '#stocks']"
"China says Hong Kong's priority is to cut COVID infections, deaths - Reuters.com",2022-03-08T05:10:00Z,"Hong Kong needs to stick to its ""dynamic zero"" coronavirus strategy, focused on reducing infections, severe illnesses and death, a senior Chinese health official said, as the city braced for details of an expected mass testing plan this month.","HONG KONG, March 8 (Reuters) - Hong Kong needs to stick to its ""dynamic zero"" coronavirus strategy, focused on reducing infections, severe illnesses and death, a senior Chinese health official said, … [+1896 chars]","['#HONG', '#KONG', '#March', '#Reuters', '#Hong']"
"COVID surges in Hong Kong, leader urges vaccines - Reuters.com",2022-03-12T01:29:54Z,"Hong Kong leader Carrie Lam said on Friday that the city's COVID-19 vaccination program would focus on its elderly and children, as authorities battled to reduce a surge of coronavirus infections and climbing death rates.","Posted 
Hong Kong leader Carrie Lam said on Friday that the city's COVID-19 vaccination program would focus on its elderly and children, as authorities battled to reduce a surge of coronavirus infec… [+30 chars]","['#Posted', '#Hong', '#Kong', '#leader', '#Carrie']"
"COVID surges in Hong Kong, leader urges vaccines - Reuters.com",2022-03-12T01:02:05Z,"Hong Kong leader Carrie Lam said on Friday that the city's COVID-19 vaccination program would focus on its elderly and children, as authorities battled to reduce a surge of coronavirus infections and climbing death rates.","Posted 
Hong Kong leader Carrie Lam said on Friday that the city's COVID-19 vaccination program would focus on its elderly and children, as authorities battled to reduce a surge of coronavirus infec… [+30 chars]","['#Posted', '#Hong', '#Kong', '#leader', '#Carrie']"
Column: China's COVID struggles bring demand destruction back to crude oil debate: Russell - Reuters,2022-03-16T05:28:00Z,"The crude oil market has spent recent weeks worrying about the impact on supply from Russia's invasion of Ukraine, but China's ongoing battle to contain the coronavirus pandemic is highlighting the return of demand destruction fears.","LAUNCESTON, Australia, March 16 (Reuters) - The crude oil market has spent recent weeks worrying about the impact on supply from Russia's invasion of Ukraine, but China's ongoing battle to contain th… [+4377 chars]","['#LAUNCESTON', '#Australia', '#March', '#Reuters', '#oil']"
Omicron sub-variant BA.2 makes up 11.6% of COVID variants in U.S. - CDC - Reuters.com,2022-03-08T16:42:00Z,"The BA.2 sub-variant of Omicron was estimated to be 11.6% of the coronavirus variants circulating in the United States as of March 5, the U.S. Centers for Disease Control and Prevention (CDC) said on Tuesday.","March 8 (Reuters) - The BA.2 sub-variant of Omicron was estimated to be 11.6% of the coronavirus variants circulating in the United States as of March 5, the U.S. Centers for Disease Control and Prev… [+1350 chars]","['#March', '#Reuters', '#sub', '#variant', '#Omicron']"
"China's shares drop over 1% on inflation worries, new COVID cases - Reuters.com",2022-03-09T05:22:00Z,"China's shares extended losses on Wednesday, as market watchers remain on edge amid fears of a wider impact of commodity prices' surge on Beijing, while new coronavirus cases in the world's second-largest economy also weighed on risk sentiment.","SHANGHAI, March 9 (Reuters) - China's shares extended losses on Wednesday, as market watchers remain on edge amid fears of a wider impact of commodity prices' surge on Beijing, while new coronavirus … [+2681 chars]","['#SHANGHAI', '#March', '#Reuters', '#China', '#shares']"
Years of low U.S. consumer energy costs wane following Russian invasion - Reuters,2022-03-09T19:56:00Z,"U.S. motorists, already dealing with a steep rise in spending on fuel as the economy rebounded from the coronavirus-induced recession, are now dealing with surging gasoline prices after Russia's invasion of Ukraine.","NEW YORK, March 9 (Reuters) - U.S. motorists, already dealing with a steep rise in spending on fuel as the economy rebounded from the coronavirus-induced recession, are now dealing with surging gasol… [+2633 chars]","['#dealing', '#NEW', '#YORK', '#March', '#Reuters']"
Hong Kong study says reopening international travel to have little impact on COVID transmission - Reuters.com,2022-03-22T08:50:00Z,"The full reopening of international travel in Hong Kong will have ""little marginal impact"" on the spread of COVID-19, an academic study said on Tuesday, as the financial hub begins to unwind strict coronavirus measures.","HONG KONG, March 22 (Reuters) - The full reopening of international travel in Hong Kong will have ""little marginal impact"" on the spread of COVID-19, an academic study said on Tuesday, as the financi… [+2523 chars]","['#HONG', '#KONG', '#March', '#Reuters', '#reopening']"
Omicron sub-variant BA.2 makes up 34.9% of COVID variants in U.S. - CDC - Reuters.com,2022-03-22T14:22:00Z,"The BA.2 sub-variant of Omicron makes up over a third of all coronavirus variants circulating in the United States, according to an estimate from the U.S. Centers for Disease Control and Prevention (CDC) on Tuesday.","March 22 (Reuters) - The BA.2 sub-variant of Omicron makes up over a third of all coronavirus variants circulating in the United States, according to an estimate from the U.S. Centers for Disease Con… [+1304 chars]","['#March', '#Reuters', '#sub', '#variant', '#Omicron']"
Turkey eases coronavirus-related restrictions - minister - Reuters,2022-03-02T16:13:00Z,"Turkey eased the majority of coronavirus-related restrictions on Wednesday, Turkish Health Minister Fahrettin Koca said, almost two years after the first case was identified in the country.","ISTANBUL, March 2 (Reuters) - Turkey eased the majority of coronavirus-related restrictions on Wednesday, Turkish Health Minister Fahrettin Koca said, almost two years after the first case was identi… [+567 chars]","['#ISTANBUL', '#March', '#Reuters', '#Turkey', '#eased']"
Thailand drops pre-departure test requirement for visitors - Reuters.com,2022-03-18T10:24:00Z,Thailand said on Friday it will scrap a mandatory pre-departure coronavirus test for visitors starting next month but will still require entry registrations in advance and an on-arrival test.,"BANGKOK, March 18 (Reuters) - Thailand said on Friday it will scrap a mandatory pre-departure coronavirus test for visitors starting next month but will still require entry registrations in advance a… [+1652 chars]","['#BANGKOK', '#March', '#Reuters', '#Thailand', '#said']"
Hong Kong leader says no plans to tighten COVID social distancing measures - Reuters.com,2022-03-14T05:19:00Z,Hong Kong leader Carrie Lam said on Monday there were no current plans to further tighten strict social distancing measures as authorities battle to contain a deepening coronavirus outbreak which has submerged its health system and seen deaths soar.,"HONG KONG, March 14 (Reuters) - Hong Kong leader Carrie Lam said on Monday there were no current plans to further tighten strict social distancing measures as authorities battle to contain a deepenin… [+2251 chars]","['#HONG', '#KONG', '#March', '#Reuters', '#Hong']"
"Australia leaders to meet amid Omicron sub-variant concerns, flood damage - Reuters",2022-03-11T00:40:00Z,"Australia's national cabinet will meet on Friday against a backdrop of concerns about the spread of the new sub-variant of the Omicron strain of the coronavirus, while eastern states battle to clear tonnes of debris after devastating floods.","SYDNEY, March 11 (Reuters) - Australia's national cabinet will meet on Friday against a backdrop of concerns about the spread of the new sub-variant of the Omicron strain of the coronavirus, while ea… [+2112 chars]","['#SYDNEY', '#March', '#Reuters', '#Australia', '#cabinet']"
Omicron sub-variant makes up 23.1% of COVID variants in U.S. - CDC - Reuters.com,2022-03-15T15:28:00Z,"The BA.2 sub-variant of Omicron was estimated to be 23.1% of the coronavirus variants circulating in the United States as of March 12, the U.S. Centers for Disease Control and Prevention (CDC) said on Tuesday.","March 15 (Reuters) - The BA.2 sub-variant of Omicron was estimated to be 23.1% of the coronavirus variants circulating in the United States as of March 12, the U.S. Centers for Disease Control and Pr… [+1538 chars]","['#March', '#Reuters', '#sub', '#variant', '#Omicron']"
Global energy-related carbon emissions rose 6% in 2021 to new record high -IEA - Reuters.com,2022-03-08T14:48:00Z,"Global energy-related emissions of carbon dioxide rose to their highest ever level in 2021 as economies recovered from the coronavirus pandemic and coal use increased, the International Energy Agency (IEA) said on Tuesday.","LONDON, March 8 (Reuters) - Global energy-related emissions of carbon dioxide rose to their highest ever level in 2021 as economies recovered from the coronavirus pandemic and coal use increased, the… [+1403 chars]","['#LONDON', '#March', '#Reuters', '#energy', '#related']"
Ukraine conflict adds to European supply chain snags - Reuters,2022-03-09T15:41:00Z,"European companies are suffering yet more strain on supply chains already snarled up by the coronavirus pandemic as the conflict in Ukraine leads to growing shortages of key components, they warned on Wednesday.","BERLIN, March 9 (Reuters) - European companies are suffering yet more strain on supply chains already snarled up by the coronavirus pandemic as the conflict in Ukraine leads to growing shortages of k… [+4384 chars]","['#BERLIN', '#March', '#Reuters', '#companies', '#suffering']"
"Europe stocks fall as China COVID surge weighs on oil majors, miners - Reuters.com",2022-03-15T08:28:00Z,"European stock markets fell on Tuesday, with commodity-linked shares hit by concerns about surging coronavirus cases in China, while nerves ahead of a U.S. Federal Reserve meeting this week added to the gloom.","March 15 (Reuters) - European stock markets fell on Tuesday, with commodity-linked shares hit by concerns about surging coronavirus cases in China, while nerves ahead of a U.S. Federal Reserve meetin… [+1071 chars]","['#March', '#Reuters', '#stock', '#markets', '#fell']"
"S.Korea's total COVID cases top 10 million as crematoria, funeral homes overwhelmed - Reuters.com",2022-03-23T04:54:00Z,"South Korea's total coronavirus infections topped 10 million, or nearly 20% of its population, authorities said on Wednesday, as surging severe cases and deaths increasingly put a strain on crematories and funeral homes nationwide.","SEOUL, March 23 (Reuters) - South Korea's total coronavirus infections topped 10 million, or nearly 20% of its population, authorities said on Wednesday, as surging severe cases and deaths increasing… [+2719 chars]","['#SEOUL', '#March', '#Reuters', '#South', '#Korea']"
"How Russia's invasion of Ukraine, vampire obsession, and 'secret bio-weapons' have played into China's narrative about COVID-19's origin",2022-03-11T10:01:31Z,Russia's false claims about US bio-weapons laboratories in Ukraine have fed conspiracy theories in China concerning the coronavirus' point of origin.,"Cross a love for vampires with the invasion of Ukraine, and one ends up with secret US biological weapons that led to the spread of COVID-19, at least according to Chinese social media users and stat… [+3019 chars]","['#Cross', '#love', '#vampires', '#invasion', '#Ukraine']"
"Some House Democrats revolt over states losing COVID cash in huge government spending bill, forcing Pelosi to drop it to avoid a shutdown",2022-03-09T20:05:24Z,Democrats were forced to eject $15 billion in new coronavirus relief funding after a last-minute blow up on repurposing previous stimulus aid.,"Some Democrats launched a revolt Wednesday afternoon over planned cuts to state and local aid to fund additional coronavirus relief, delaying a planned House vote on a $1.5 trillion government fundin… [+2717 chars]","['#planned', '#Democrats', '#launched', '#revolt', '#Wednesday']"
"In Impasse Over New Covid Relief Aid, Neither Side Is Willing to Bend",2022-03-16T00:39:30Z,"The White House wants more money for treatments, tests, vaccines and research, but Republicans in Congress insist the administration will have to repurpose existing funds.","Mr. Bidens new coronavirus response strategy, outlined this month, included plans to secure more antiviral pills; to build up testing capacity; and to accelerate development of the next generation of… [+1379 chars]","['#Mr.', '#Bidens', '#coronavirus', '#response', '#strategy']"
Foxconn’s Shenzhen factories resume operations after lockdown,2022-03-21T15:27:49Z,"Foxconn, the world’s biggest contract manufacturer of electronics, says it’s “basically” resumed normal operations in Shenzhen after a partial lockdown forced its factories offline. Its Longhua and Guanlan factories are impacted.","After a week offline
Photo by Nora Tam/South China Morning Post via Getty Images
Foxconn, the worlds biggest contract manufacturer of electronics, says its basically resumed normal operations in Sh… [+1282 chars]","['#week', '#Photo', '#Nora', '#Tam', '#South']"
"Italy reports 60191 coronavirus cases on Tuesday, 184 deaths - Reuters.com",2022-03-08T16:56:00Z,"Italy reported 60,191 COVID-19 related cases on Tuesday, against 22,083 the day before, the health ministry said, while the number of deaths rose to 184 from 130.","MILAN, March 8 (Reuters) - Italy reported 60,191 COVID-19 related cases on Tuesday, against 22,083 the day before, the health ministry said, while the number of deaths rose to 184 from 130.
Italy ha… [+812 chars]","['#Italy', '#MILAN', '#March', '#Reuters', '#reported']"
"Italy reports 32573 coronavirus cases on Monday, 119 deaths - Reuters",2022-03-21T17:46:00Z,"Italy reported 32,573 COVID-19 related cases on Monday, against 60,415 the day before, the health ministry said, while the number of deaths rose to 119 from 93.","MILAN, March 21 (Reuters) - Italy reported 32,573 COVID-19 related cases on Monday, against 60,415 the day before, the health ministry said, while the number of deaths rose to 119 from 93.
Italy has… [+811 chars]","['#Italy', '#MILAN', '#March', '#Reuters', '#reported']"
"Public health measures are key to curbing Covid in UK, say scientists",2022-03-20T08:30:51Z,"On the second anniversary of the first lockdown, experts including Wellcome Trust director Jeremy Farrar, outline what needs to be done to cope with pandemics<ul><li>Coronavirus – latest updates</li><li>See all our coronavirus coverage</li></ul>Stopping the s…","Stopping the spread of Covid-19 through public health measures remains vital to curbing the pandemic, one of Britains most senior scientific figures has warned.
On the eve of the second anniversary … [+7011 chars]","['#Stopping', '#spread', '#Covid-19', '#health', '#measures']"
Italian former PM faces renewed questions over Covid aid from Russia,2022-03-23T16:37:20Z,"Moscow dispatched military doctors, PPE and ventilators to Italy early in coronavirus pandemic<ul><li>Ukraine-Russia war – latest updates</li></ul>Italy’s former prime minister Giuseppe Conte is under pressure to clarify an arrangement under which Russia supp…","Italys former prime minister Giuseppe Conte is under pressure to clarify an arrangement under which Russia supplied aid to Italy early in the coronavirus pandemic, as questions resurface over the Kre… [+2589 chars]","['#prime', '#minister', '#Giuseppe', '#Conte', '#pressure']"
UK economy bounces back from Omicron as more people dine out,2022-03-11T07:42:05Z,"All sectors returned to growth in January to help lift GDP by 0.8%, says ONS<ul><li>Business live updates: UK economy rebounds strongly</li><li>See all our coronavirus coverage</li></ul>Britain’s economy bounced back from the Omicron variant of coronavirus at…","Britains economy bounced back from the Omicron variant of coronavirus at a faster pace than expected during January, as consumers returned to eating and drinking out in pubs and restaurants.
The Off… [+2382 chars]","['#Britains', '#economy', '#bounced', '#Omicron', '#variant']"
"NHS under pressure from new Covid wave across England, says Chris Whitty",2022-03-23T12:50:45Z,"Increasing numbers of people needing hospital treatment for coronavirus, says chief medical officerThe NHS is coming under “significant” pressure amid a rise in Covid cases in virtually every area of England, the chief medical officer has warned, with hospita…","The NHS is coming under significant pressure amid a rise in Covid cases in virtually every area of England, the chief medical officer has warned, with hospitalisations likely to continue increasing a… [+3762 chars]","['#NHS', '#coming', '#pressure', '#rise', '#Covid']"
Germany pledges more funds for COVID vaccines in poor countries - Reuters,2022-03-01T15:58:00Z,"Germany will provide a further $1.5 billion to a global initiative for better access to coronavirus vaccines for poorer countries, Finance Minister Christian Lindner said on Tuesday.","BERLIN, March 1 (Reuters) - Germany will provide a further $1.5 billion to a global initiative for better access to coronavirus vaccines for poorer countries, Finance Minister Christian Lindner said … [+501 chars]","['#BERLIN', '#March', '#Reuters', '#Germany', '#provide']"
